{"cameraMode":{"drawMode":0,"name":"Shaded","section":"Shading Mode"},"sceneLighting":true,"audioPlay":false,"sceneViewState":{"m_AlwaysRefresh":false,"showFog":true,"showSkybox":true,"showFlares":true,"showImageEffects":true,"showParticleSystems":true,"showVisualEffectGraphs":true,"m_FxEnabled":true},"in2DMode":false,"pivot":{"x":1.7100000381469727,"y":0.5299999713897705,"z":33.18000030517578},"rotation":{"x":0.009006673470139504,"y":-0.024000559002161027,"z":-0.00015829650510568172,"w":0.9999039769172669},"size":6.850858688354492,"orthographic":true}