{"cameraMode":{"drawMode":0,"name":"Shaded","section":"Shading Mode"},"sceneLighting":true,"audioPlay":false,"sceneViewState":{"m_AlwaysRefresh":false,"showFog":true,"showSkybox":false,"showFlares":true,"showImageEffects":true,"showParticleSystems":true,"showVisualEffectGraphs":true,"m_FxEnabled":true},"in2DMode":false,"pivot":{"x":352.20849609375,"y":172.65890502929688,"z":-1.1323124170303345},"rotation":{"x":0.014398332685232163,"y":-0.013198435306549073,"z":0.0001901523646665737,"w":0.9998118281364441},"size":158.50119018554688,"orthographic":false}