{"cameraMode":{"drawMode":0,"name":"Shaded","section":"Shading Mode"},"sceneLighting":true,"audioPlay":false,"sceneViewState":{"m_AlwaysRefresh":false,"showFog":true,"showSkybox":false,"showFlares":true,"showImageEffects":true,"showParticleSystems":true,"showVisualEffectGraphs":true,"m_FxEnabled":true},"in2DMode":false,"pivot":{"x":14.734160423278809,"y":-0.5284242630004883,"z":13.530167579650879},"rotation":{"x":0.18292821943759919,"y":-0.19795282185077668,"z":0.037606820464134219,"w":0.9625811576843262},"size":10.821096420288086,"orthographic":true}